<?xml version="1.0" encoding="UTF-8"?>
<!DOCTYPE mapper PUBLIC "-//mybatis.org//DTD Mapper 3.0//EN" "http://www.mybatis.org/dtd/mybatis-3-mapper.dtd">
<mapper namespace="com.dao.UserMapper">
	
	<!--注意这里的参数类型是parameterType而不是parameterMap，因为返回的是单个类型  -->
	<select id="findUserByNameAndPwd"  parameterType="map"  resultType="com.bean.User">
		select t.username,t.password from user_table t where username=#{username} and password=#{password}
	</select>

	<select id="selectNormalWg"  resultType="java.lang.String">
		select wgname from first_table where normal= "1"
	</select>

	<select id="selectUnNormalWg"  resultType="java.lang.String">
		select wgname from first_table where normal= "0"
	</select>

	<select id="selectUnNormalZd"  parameterType="java.lang.String" resultType="java.lang.String">
		select zdname from ${wgname}_table where normal= "0"
	</select>

	<select id="selectNormalZd"  parameterType="java.lang.String" resultType="java.lang.String">
		select zdname from ${wgname}_table where normal= "1"
	</select>

	<select id="selectZdData"  parameterType="map" resultType="com.bean.Zd">
		select temperature,humidity,onzero from ${wgname}_table where zdname=#{zdname}
	</select>

	<update id="setOnValue"  parameterType="map" >
		update ${wgname}_table set onzero=#{onvalue} where zdname=#{zdname}
	</update>

  
</mapper>